wavenumber,transmittance
3999.6396,100.462151
3997.7112,100.335876
3995.7827,100.483002
3993.8542,100.475319
3991.9258,99.888123
3989.9973,100.144142
3988.0688,100.520279
3986.1404,100.388390
3984.2119,100.287468
3982.2834,100.229050
3980.3550,100.242126
3978.4265,100.119751
3976.4981,100.085541
3974.5696,100.378197
3972.6411,100.363777
3970.7127,100.027573
3968.7842,100.098953
3966.8557,100.388931
3964.9273,100.402962
3962.9988,100.271004
3961.0703,100.017502
3959.1419,100.083076
3957.2134,100.335556
3955.2849,100.311508
3953.3565,100.276016
3951.4280,100.480782
3949.4995,100.377785
3947.5711,100.106956
3945.6426,100.036011
3943.7141,100.114388
3941.7857,99.810555
3939.8572,99.661835
3937.9287,99.644020
3936.0003,99.937515
3934.0718,100.298233
3932.1433,100.371140
3930.2149,100.141960
3928.2864,100.392899
3926.3579,100.480110
3924.4295,100.716545
3922.5010,100.634979
3920.5725,100.226959
3918.6441,100.171387
3916.7156,100.326965
3914.7871,100.187630
3912.8587,100.228813
3910.9302,100.361862
3909.0017,100.331818
3907.0733,100.229271
3905.1448,99.991562
3903.2163,100.006630
3901.2879,100.401070
3899.3594,100.360054
3897.4309,100.075836
3895.5025,100.119202
3893.5740,100.359550
3891.6455,100.335312
3889.7171,99.989525
3887.7886,100.037224
3885.8601,100.374992
3883.9317,100.161682
3882.0032,99.998390
3880.0747,100.278786
3878.1463,100.647156
3876.2178,100.727402
3874.2893,100.572556
3872.3609,100.332825
3870.4324,100.236038
3868.5039,100.551628
3866.5755,100.667160
3864.6470,100.578926
3862.7185,100.744965
3860.7901,100.794418
3858.8616,100.431549
3856.9331,100.599373
3855.0047,100.580055
3853.0762,100.088226
3851.1477,99.710526
3849.2193,100.161804
3847.2908,100.271034
3845.3623,100.244560
3843.4339,100.160049
3841.5054,99.674332
3839.5769,99.716286
3837.6485,100.195274
3835.7200,100.126190
3833.7915,99.852432
3831.8631,99.697350
3829.9346,99.823593
3828.0061,100.049377
3826.0777,100.301544
3824.1492,100.106522
3822.2207,99.701828
3820.2923,100.025864
3818.3638,100.179283
3816.4353,100.026535
3814.5069,99.920776
3812.5784,100.033691
3810.6499,99.825470
3808.7215,99.644379
3806.7930,100.002411
3804.8645,100.016747
3802.9361,100.082077
3801.0076,100.199593
3799.0791,99.831345
3797.1507,100.041885
3795.2222,100.450989
3793.2937,100.651031
3791.3653,100.577332
3789.4368,100.349617
3787.5083,100.376640
3785.5799,100.471375
3783.6514,100.406105
3781.7229,100.227425
3779.7945,100.046333
3777.8660,100.269592
3775.9375,100.554375
3774.0091,100.204308
3772.0806,99.796516
3770.1521,99.866417
3768.2237,99.810860
3766.2952,99.789833
3764.3667,99.868736
3762.4383,99.681412
3760.5098,99.609253
3758.5813,99.648468
3756.6529,99.584099
3754.7244,99.698746
3752.7959,100.213295
3750.8675,100.209328
3748.9390,99.995270
3747.0105,99.768364
3745.0821,99.653336
3743.1536,99.854874
3741.2251,100.023544
3739.2967,100.036140
3737.3682,99.740120
3735.4397,99.834106
3733.5113,99.943054
3731.5828,100.199173
3729.6543,100.007271
3727.7259,99.364571
3725.7974,99.008469
3723.8689,99.244019
3721.9405,99.406250
3720.0120,99.341515
3718.0835,99.733215
3716.1551,99.583603
3714.2266,99.212288
3712.2981,99.222221
3710.3697,99.368996
3708.4412,99.717392
3706.5127,99.939880
3704.5843,100.133362
3702.6558,100.119133
3700.7273,99.824905
3698.7989,99.589104
3696.8704,99.679832
3694.9419,99.836349
3693.0135,100.192657
3691.0850,100.659157
3689.1565,100.775047
3687.2281,100.269646
3685.2996,99.997795
3683.3711,99.839462
3681.4427,99.570580
3679.5142,99.788162
3677.5857,99.905937
3675.6573,99.740273
3673.7288,99.725983
3671.8003,100.035568
3669.8719,100.276619
3667.9434,100.414742
3666.0149,100.533508
3664.0865,100.523727
3662.1580,100.233948
3660.2295,100.148399
3658.3011,100.115730
3656.3726,100.083397
3654.4441,99.978455
3652.5157,100.087692
3650.5872,99.947632
3648.6587,100.023773
3646.7303,100.143066
3644.8018,100.142975
3642.8733,99.997406
3640.9449,99.704704
3639.0164,99.879112
3637.0879,99.688110
3635.1595,99.245079
3633.2310,99.746597
3631.3025,99.625320
3629.3741,99.428688
3627.4456,99.535370
3625.5171,99.502174
3623.5887,99.637779
3621.6602,99.590561
3619.7317,99.528847
3617.8033,99.690285
3615.8748,99.789894
3613.9463,99.829483
3612.0179,99.737640
3610.0894,99.278976
3608.1609,99.160500
3606.2325,99.282318
3604.3040,99.501213
3602.3755,99.550720
3600.4471,99.471436
3598.5186,99.737389
3596.5901,99.856270
3594.6617,99.358856
3592.7332,99.118942
3590.8047,99.348480
3588.8763,99.566254
3586.9478,99.697632
3585.0193,99.644157
3583.0909,99.464035
3581.1624,99.390602
3579.2339,99.534561
3577.3055,99.999519
3575.3770,100.429848
3573.4485,100.333145
3571.5201,100.250328
3569.5916,100.381210
3567.6631,100.388771
3565.7347,100.270340
3563.8062,99.795410
3561.8777,99.584831
3559.9493,99.685722
3558.0208,100.113846
3556.0923,100.088379
3554.1639,99.910309
3552.2354,99.935043
3550.3069,99.888542
3548.3785,99.766624
3546.4500,99.784164
3544.5215,99.805969
3542.5931,99.623032
3540.6646,99.397507
3538.7361,99.567719
3536.8077,99.642731
3534.8792,99.648254
3532.9507,99.525490
3531.0223,99.700897
3529.0938,99.654152
3527.1653,99.253342
3525.2369,99.294922
3523.3084,99.672302
3521.3800,99.282593
3519.4515,98.905998
3517.5230,98.385292
3515.5946,98.171814
3513.6661,98.343399
3511.7376,98.219353
3509.8092,98.156548
3507.8807,98.355659
3505.9522,98.244934
3504.0238,97.825859
3502.0953,97.773605
3500.1668,97.734505
3498.2384,97.279099
3496.3099,97.034485
3494.3814,97.028450
3492.4530,96.840126
3490.5245,96.739937
3488.5960,96.633453
3486.6676,96.372169
3484.7391,96.369736
3482.8106,96.308975
3480.8822,96.025818
3478.9537,95.754745
3477.0252,95.802666
3475.0968,95.652229
3473.1683,95.627769
3471.2398,95.786003
3469.3114,95.758148
3467.3829,95.457085
3465.4544,95.260567
3463.5260,95.188347
3461.5975,95.151764
3459.6690,94.879684
3457.7406,94.497200
3455.8121,94.279022
3453.8836,94.281448
3451.9552,94.356178
3450.0267,94.305046
3448.0982,93.966690
3446.1698,93.512581
3444.2413,93.201767
3442.3128,93.036385
3440.3844,92.890961
3438.4559,92.503983
3436.5274,92.180611
3434.5990,92.213234
3432.6705,92.051491
3430.7420,91.696800
3428.8136,91.348763
3426.8851,90.983047
3424.9566,90.637871
3423.0282,90.225006
3421.0997,90.031204
3419.1712,89.784218
3417.2428,89.505127
3415.3143,89.354141
3413.3858,89.247063
3411.4574,89.168938
3409.5289,88.912537
3407.6004,88.752777
3405.6720,88.631592
3403.7435,88.317665
3401.8150,88.105553
3399.8866,87.947342
3397.9581,87.834839
3396.0296,87.641144
3394.1012,87.579773
3392.1727,87.536232
3390.2442,87.404198
3388.3158,87.219887
3386.3873,87.111984
3384.4588,86.973305
3382.5304,86.909569
3380.6019,87.043121
3378.6734,87.071274
3376.7450,86.803078
3374.8165,86.754395
3372.8880,86.593452
3370.9596,86.353523
3369.0311,86.248581
3367.1026,86.246452
3365.1742,86.349564
3363.2457,86.148674
3361.3172,86.078957
3359.3888,86.201324
3357.4603,86.250778
3355.5318,86.179863
3353.6034,86.190399
3351.6749,86.136818
3349.7464,85.929703
3347.8180,85.856529
3345.8895,85.538666
3343.9610,85.384262
3342.0326,85.461914
3340.1041,85.466606
3338.1756,85.552536
3336.2472,85.602448
3334.3187,85.587318
3332.3902,85.347900
3330.4618,85.328278
3328.5333,85.295319
3326.6048,85.188614
3324.6764,85.170898
3322.7479,85.034302
3320.8194,85.074486
3318.8910,85.147141
3316.9625,85.076218
3315.0340,84.791794
3313.1056,84.683624
3311.1771,84.921204
3309.2486,85.284096
3307.3202,85.338257
3305.3917,85.278564
3303.4632,85.363022
3301.5348,85.320564
3299.6063,85.343224
3297.6778,85.492470
3295.7494,85.642921
3293.8209,85.569107
3291.8924,85.501778
3289.9640,85.737427
3288.0355,85.888420
3286.1070,85.961678
3284.1786,86.204468
3282.2501,86.260132
3280.3216,85.896996
3278.3932,85.807976
3276.4647,86.084763
3274.5362,86.149330
3272.6078,86.015030
3270.6793,86.266052
3268.7508,86.674988
3266.8224,86.572395
3264.8939,86.493744
3262.9654,86.510307
3261.0370,86.721413
3259.1085,86.823753
3257.1800,86.913330
3255.2516,86.925072
3253.3231,86.892014
3251.3946,87.079132
3249.4662,87.183029
3247.5377,87.240570
3245.6092,87.173218
3243.6808,87.133408
3241.7523,87.066849
3239.8238,87.198654
3237.8954,87.482674
3235.9669,87.593529
3234.0384,87.578636
3232.1100,87.510277
3230.1815,87.572159
3228.2530,87.648865
3226.3246,87.631546
3224.3961,87.650810
3222.4676,87.721817
3220.5392,87.906914
3218.6107,87.947800
3216.6822,87.977135
3214.7538,88.022041
3212.8253,88.238396
3210.8968,88.426598
3208.9684,88.387115
3207.0399,88.433380
3205.1114,88.369598
3203.1830,88.384438
3201.2545,88.638245
3199.3260,88.627342
3197.3976,88.539871
3195.4691,88.537071
3193.5406,88.858154
3191.6122,89.037247
3189.6837,88.893639
3187.7552,88.733276
3185.8268,88.621902
3183.8983,88.769318
3181.9698,88.972565
3180.0414,89.199295
3178.1129,89.342514
3176.1844,89.123619
3174.2560,89.132072
3172.3275,89.448936
3170.3990,89.769737
3168.4706,89.914566
3166.5421,89.889153
3164.6136,89.721115
3162.6852,89.679520
3160.7567,89.774963
3158.8282,89.855759
3156.8998,89.896126
3154.9713,90.099815
3153.0428,90.275978
3151.1144,90.337608
3149.1859,90.426872
3147.2574,90.803215
3145.3290,90.845467
3143.4005,90.734421
3141.4720,90.882965
3139.5436,91.147110
3137.6151,91.215256
3135.6866,91.256561
3133.7582,91.430298
3131.8297,91.549072
3129.9012,91.650490
3127.9728,91.759712
3126.0443,91.883965
3124.1158,92.057922
3122.1874,92.129227
3120.2589,92.090317
3118.3304,92.150032
3116.4020,92.179840
3114.4735,92.239708
3112.5450,92.394394
3110.6166,92.549530
3108.6881,92.514091
3106.7596,92.789803
3104.8312,93.219734
3102.9027,93.360764
3100.9742,93.183449
3099.0458,93.270081
3097.1173,93.730743
3095.1888,93.985336
3093.2604,93.754021
3091.3319,93.674896
3089.4034,94.027260
3087.4750,94.223480
3085.5465,94.275955
3083.6180,94.475960
3081.6896,94.515862
3079.7611,94.439583
3077.8326,94.619537
3075.9042,94.904327
3073.9757,95.003586
3072.0472,95.173332
3070.1188,95.379227
3068.1903,95.413124
3066.2618,95.481346
3064.3334,95.664108
3062.4049,95.765167
3060.4765,95.867813
3058.5480,95.911880
3056.6195,96.103394
3054.6911,96.313194
3052.7626,96.395462
3050.8341,96.528580
3048.9057,96.571228
3046.9772,96.713539
3045.0487,96.782539
3043.1203,96.851646
3041.1918,96.847275
3039.2633,96.970840
3037.3349,97.246140
3035.4064,97.570999
3033.4779,97.778961
3031.5495,97.691666
3029.6210,97.569817
3027.6925,97.634811
3025.7641,97.717278
3023.8356,97.865067
3021.9071,98.087814
3019.9787,98.302055
3018.0502,98.376099
3016.1217,98.589279
3014.1933,98.621384
3012.2648,98.601578
3010.3363,98.678940
3008.4079,98.703079
3006.4794,98.945000
3004.5509,99.166733
3002.6225,99.080429
3000.6940,98.961716
2998.7655,99.173653
2996.8371,99.363052
2994.9086,99.324127
2992.9801,99.377213
2991.0517,99.606293
2989.1232,99.697777
2987.1947,99.493484
2985.2663,99.335411
2983.3378,99.288696
2981.4093,99.152710
2979.4809,98.853104
2977.5524,98.869591
2975.6239,99.010452
2973.6955,99.018097
2971.7670,98.873276
2969.8385,98.665421
2967.9101,98.618156
2965.9816,98.404442
2964.0531,98.152946
2962.1247,97.943848
2960.1962,97.832695
2958.2677,97.887985
2956.3393,97.667282
2954.4108,97.482727
2952.4823,97.707451
2950.5539,97.944473
2948.6254,97.873528
2946.6969,97.673660
2944.7685,97.588280
2942.8400,97.448608
2940.9115,97.325996
2938.9831,97.215096
2937.0546,96.941330
2935.1261,96.827942
2933.1977,96.924133
2931.2692,96.815826
2929.3407,96.614494
2927.4123,96.520607
2925.4838,96.523720
2923.5553,96.485870
2921.6269,96.455406
2919.6984,96.403023
2917.7699,96.234940
2915.8415,96.086754
2913.9130,96.439316
2911.9845,96.843369
2910.0561,97.147202
2908.1276,97.376991
2906.1991,97.512878
2904.2707,97.399948
2902.3422,97.432610
2900.4137,97.701485
2898.4853,97.911957
2896.5568,97.928780
2894.6283,97.904564
2892.6999,98.017487
2890.7714,98.072838
2888.8429,98.011955
2886.9145,97.950638
2884.9860,98.138039
2883.0575,98.355797
2881.1291,98.355270
2879.2006,98.270874
2877.2721,98.359039
2875.3437,98.312149
2873.4152,98.146774
2871.4867,98.158897
2869.5583,98.348488
2867.6298,98.351212
2865.7013,98.347458
2863.7729,98.409515
2861.8444,98.360291
2859.9159,98.252365
2857.9875,98.071411
2856.0590,97.883812
2854.1305,97.728500
2852.2021,97.700287
2850.2736,97.717850
2848.3451,97.661331
2846.4167,98.002197
2844.4882,98.398819
2842.5597,98.557915
2840.6313,98.680046
2838.7028,98.755272
2836.7743,98.845718
2834.8459,99.059235
2832.9174,99.080994
2830.9889,99.188820
2829.0605,99.382172
2827.1320,99.485298
2825.2035,99.457520
2823.2751,99.428558
2821.3466,99.465744
2819.4181,99.426247
2817.4897,99.442123
2815.5612,99.660149
2813.6327,99.714279
2811.7043,99.583946
2809.7758,99.544205
2807.8473,99.531822
2805.9189,99.596153
2803.9904,99.636841
2802.0619,99.709549
2800.1335,99.658203
2798.2050,99.571167
2796.2765,99.606415
2794.3481,99.794930
2792.4196,99.719116
2790.4911,99.639984
2788.5627,99.808945
2786.6342,99.903831
2784.7057,99.851494
2782.7773,99.842163
2780.8488,99.845245
2778.9203,99.784813
2776.9919,99.726181
2775.0634,99.725502
2773.1349,99.745049
2771.2065,99.768478
2769.2780,99.911606
2767.3495,99.902756
2765.4211,99.776230
2763.4926,99.707397
2761.5641,99.707390
2759.6357,99.750793
2757.7072,99.794937
2755.7787,99.728416
2753.8503,99.643166
2751.9218,99.781868
2749.9933,99.951859
2748.0649,99.940720
2746.1364,99.898315
2744.2079,99.825752
2742.2795,99.861008
2740.3510,99.906334
2738.4225,100.003204
2736.4941,100.099098
2734.5656,100.016396
2732.6371,99.810905
2730.7087,99.840508
2728.7802,99.873093
2726.8517,99.959923
2724.9233,100.193985
2722.9948,100.294106
2721.0663,100.172409
2719.1379,100.050453
2717.2094,100.030548
2715.2809,100.122398
2713.3525,100.147476
2711.4240,100.105103
2709.4955,99.980675
2707.5671,99.949638
2705.6386,100.153427
2703.7101,100.266785
2701.7817,100.262001
2699.8532,100.226143
2697.9247,100.219215
2695.9963,100.241707
2694.0678,100.201485
2692.1393,100.212929
2690.2109,100.266273
2688.2824,100.300568
2686.3539,100.325562
2684.4255,100.349007
2682.4970,100.285614
2680.5685,100.287384
2678.6401,100.355888
2676.7116,100.379082
2674.7831,100.293961
2672.8547,100.211800
2670.9262,100.229370
2668.9977,100.235001
2667.0693,100.257828
2665.1408,100.336754
2663.2123,100.236496
2661.2839,100.169151
2659.3554,100.233238
2657.4269,100.084579
2655.4985,100.017487
2653.5700,100.112030
2651.6415,100.145294
2649.7131,100.081909
2647.7846,100.049622
2645.8561,99.918610
2643.9277,99.914520
2641.9992,99.915192
2640.0707,99.937843
2638.1423,100.009804
2636.2138,99.988129
2634.2853,99.968147
2632.3569,100.030411
2630.4284,100.111641
2628.4999,100.055191
2626.5715,99.795380
2624.6430,100.009773
2622.7145,100.218231
2620.7861,100.194534
2618.8576,100.143929
2616.9291,100.111542
2615.0007,100.081184
2613.0722,100.224068
2611.1437,100.323456
2609.2153,100.159294
2607.2868,100.078873
2605.3584,100.121445
2603.4299,100.168221
2601.5014,100.103531
2599.5730,99.829483
2597.6445,99.685547
2595.7160,99.775055
2593.7876,99.929253
2591.8591,99.919952
2589.9306,99.912483
2588.0022,100.210037
2586.0737,100.272636
2584.1452,100.301331
2582.2168,100.241081
2580.2883,99.882156
2578.3598,99.671425
2576.4314,99.487900
2574.5029,99.589195
2572.5744,99.977814
2570.6460,99.921562
2568.7175,99.967667
2566.7890,100.049583
2564.8606,99.938622
2562.9321,99.817482
2561.0036,99.921280
2559.0752,100.046722
2557.1467,99.928040
2555.2182,99.750900
2553.2898,99.973618
2551.3613,99.893356
2549.4328,99.461189
2547.5044,99.594620
2545.5759,99.846237
2543.6474,99.643600
2541.7190,99.680687
2539.7905,99.692108
2537.8620,99.551826
2535.9336,99.621696
2534.0051,99.507034
2532.0766,99.466385
2530.1482,99.585838
2528.2197,99.922729
2526.2912,99.698196
2524.3628,99.478500
2522.4343,99.708702
2520.5058,99.897560
2518.5774,100.012833
2516.6489,100.087311
2514.7204,99.960945
2512.7920,99.737236
2510.8635,99.675591
2508.9350,100.063141
2507.0066,100.260857
2505.0781,99.963531
2503.1496,99.691620
2501.2212,99.917854
2499.2927,100.331680
2497.3642,99.966667
2495.4358,99.606506
2493.5073,99.706779
2491.5788,99.770721
2489.6504,99.656174
2487.7219,99.353195
2485.7934,99.517509
2483.8650,99.981216
2481.9365,100.207733
2480.0080,100.069870
2478.0796,99.779022
2476.1511,99.829117
2474.2226,99.947701
2472.2942,99.812424
2470.3657,99.727814
2468.4372,99.817810
2466.5088,99.909988
2464.5803,99.767647
2462.6518,99.729729
2460.7234,99.883652
2458.7949,99.920151
2456.8664,99.852562
2454.9380,99.583008
2453.0095,99.728409
2451.0810,100.091576
2449.1526,100.263565
2447.2241,100.056396
2445.2956,100.133469
2443.3672,100.214722
2441.4387,99.950012
2439.5102,99.612061
2437.5818,99.557571
2435.6533,100.102760
2433.7248,100.404266
2431.7964,100.210617
2429.8679,100.194771
2427.9394,100.131203
2426.0110,100.129768
2424.0825,100.005440
2422.1540,99.923363
2420.2256,100.040916
2418.2971,99.974243
2416.3686,99.743599
2414.4402,99.738670
2412.5117,99.990952
2410.5832,100.173508
2408.6548,100.018875
2406.7263,99.939156
2404.7978,99.967781
2402.8694,100.137680
2400.9409,100.139572
2399.0124,99.936058
2397.0840,100.037636
2395.1555,100.113350
2393.2270,100.032532
2391.2986,100.039871
2389.3701,100.094757
2387.4416,100.157272
2385.5132,100.121307
2383.5847,100.069565
2381.6562,99.932037
2379.7278,100.124779
2377.7993,100.248970
2375.8708,100.110039
2373.9424,100.008072
2372.0139,100.021751
2370.0854,99.880814
2368.1570,99.719078
2366.2285,99.899841
2364.3000,99.922195
2362.3716,99.776466
2360.4431,99.941582
2358.5146,99.833481
2356.5862,100.069939
2354.6577,100.100212
2352.7292,100.049210
2350.8008,99.950211
2348.8723,99.932938
2346.9438,100.010239
2345.0154,99.969185
2343.0869,100.059387
2341.1584,99.987999
2339.2300,99.959946
2337.3015,100.202835
2335.3730,99.967140
2333.4446,99.658363
2331.5161,99.908859
2329.5876,99.978607
2327.6592,99.831512
2325.7307,99.572174
2323.8022,99.233452
2321.8738,99.307198
2319.9453,99.401367
2318.0168,99.348984
2316.0884,99.500908
2314.1599,99.536224
2312.2314,99.479240
2310.3030,99.651245
2308.3745,99.799538
2306.4460,99.826614
2304.5176,99.847191
2302.5891,99.908363
2300.6606,100.093925
2298.7322,100.030159
2296.8037,99.664505
2294.8752,99.548027
2292.9468,99.765869
2291.0183,99.936462
2289.0898,99.487259
2287.1614,99.165894
2285.2329,99.331360
2283.3044,99.726715
2281.3760,99.978714
2279.4475,100.385567
2277.5190,100.178238
2275.5906,99.608902
2273.6621,99.654633
2271.7336,100.058678
2269.8052,100.242928
2267.8767,99.861320
2265.9482,99.575592
2264.0198,99.833069
2262.0913,100.074226
2260.1628,100.061295
2258.2344,99.468941
2256.3059,99.171486
2254.3774,99.030876
2252.4490,99.031891
2250.5205,99.511299
2248.5920,99.847931
2246.6636,99.195511
2244.7351,98.532631
2242.8066,98.709404
2240.8782,99.587830
2238.9497,99.408028
2237.0212,99.286377
2235.0928,99.331497
2233.1643,99.970253
2231.2358,100.281723
2229.3074,99.889404
2227.3789,98.929825
2225.4504,98.725349
2223.5220,99.085625
2221.5935,99.109238
2219.6650,98.197418
2217.7366,97.291138
2215.8081,97.611649
2213.8796,98.458771
2211.9512,98.632019
2210.0227,99.677345
2208.0942,98.902649
2206.1658,97.967224
2204.2373,98.178024
2202.3088,99.671135
2200.3804,100.352348
2198.4519,98.592133
2196.5234,97.328712
2194.5950,98.385254
2192.6665,98.861816
2190.7380,98.494720
2188.8096,97.845207
2186.8811,97.578926
2184.9526,98.053635
2183.0242,99.124153
2181.0957,100.016228
2179.1672,100.319168
2177.2388,99.301674
2175.3103,98.464096
2173.3818,98.187477
2171.4534,98.443375
2169.5249,98.738884
2167.5964,98.658470
2165.6680,96.925339
2163.7395,96.366669
2161.8110,98.196686
2159.8826,98.946404
2157.9541,100.240852
2156.0256,100.439346
2154.0972,100.057465
2152.1687,99.897560
2150.2403,98.838013
2148.3118,97.323967
2146.3833,96.616379
2144.4549,96.151215
2142.5264,96.975327
2140.5979,97.600136
2138.6695,97.944740
2136.7410,98.662918
2134.8125,98.350990
2132.8841,97.530891
2130.9556,97.412308
2129.0271,98.297943
2127.0987,97.911552
2125.1702,97.114716
2123.2417,97.498077
2121.3133,98.317543
2119.3848,98.159927
2117.4563,97.343582
2115.5279,96.906158
2113.5994,96.960777
2111.6709,97.162155
2109.7425,97.293243
2107.8140,96.870308
2105.8855,96.989677
2103.9571,97.049316
2102.0286,96.949471
2100.1001,96.908791
2098.1717,97.016571
2096.2432,97.165115
2094.3147,97.381020
2092.3863,97.469551
2090.4578,97.948898
2088.5293,97.674095
2086.6009,96.572441
2084.6724,96.533615
2082.7439,97.241135
2080.8155,97.005531
2078.8870,96.554848
2076.9585,96.143044
2075.0301,96.647079
2073.1016,97.305328
2071.1731,97.347923
2069.2447,96.734840
2067.3162,96.418571
2065.3877,96.753761
2063.4593,97.192055
2061.5308,97.033165
2059.6023,97.304832
2057.6739,96.664314
2055.7454,96.595100
2053.8169,97.980881
2051.8885,97.543770
2049.9600,96.835861
2048.0315,98.384521
2046.1031,98.251183
2044.1746,96.985596
2042.2461,97.587814
2040.3177,97.988091
2038.3892,97.556213
2036.4607,96.946129
2034.5323,96.331062
2032.6038,96.325752
2030.6753,97.487976
2028.7469,99.056770
2026.8184,98.448952
2024.8899,98.027100
2022.9615,98.308372
2021.0330,98.694565
2019.1045,97.600990
2017.1761,97.712173
2015.2476,97.419937
2013.3191,98.059441
2011.3907,99.543175
2009.4622,98.442055
2007.5337,97.439285
2005.6053,98.507660
2003.6768,98.460663
2001.7483,99.033287
1999.8199,99.170723
1997.8914,98.221184
1995.9629,97.472595
1994.0345,96.715195
1992.1060,97.024368
1990.1775,98.897675
1988.2491,98.508553
1986.3206,97.239311
1984.3921,96.727859
1982.4637,98.085541
1980.5352,98.148621
1978.6067,97.294945
1976.6783,96.226456
1974.7498,97.748795
1972.8213,99.689018
1970.8929,99.143303
1968.9644,98.257172
1967.0359,97.881500
1965.1075,96.854988
1963.1790,98.555618
1961.2505,99.622490
1959.3221,100.554680
1957.3936,99.594650
1955.4651,98.958519
1953.5367,98.121025
1951.6082,97.276154
1949.6797,97.243141
1947.7513,97.694763
1945.8228,98.074936
1943.8943,99.512115
1941.9659,100.144356
1940.0374,99.675781
1938.1089,99.587173
1936.1805,99.974487
1934.2520,99.564957
1932.3235,100.030205
1930.3951,100.682632
1928.4666,100.614967
1926.5381,99.907692
1924.6097,100.057869
1922.6812,100.305923
1920.7527,100.246437
1918.8243,100.024925
1916.8958,99.807938
1914.9673,99.901283
1913.0389,100.284988
1911.1104,100.108910
1909.1819,99.358803
1907.2535,99.258095
1905.3250,99.878952
1903.3965,99.929611
1901.4681,99.655350
1899.5396,99.350685
1897.6111,99.534325
1895.6827,99.638557
1893.7542,99.745644
1891.8257,99.668877
1889.8973,99.576973
1887.9688,99.527504
1886.0403,99.748245
1884.1119,99.697639
1882.1834,99.774963
1880.2549,99.692741
1878.3265,99.646233
1876.3980,99.572540
1874.4695,99.536552
1872.5411,99.432297
1870.6126,99.396713
1868.6841,99.372314
1866.7557,99.429970
1864.8272,99.349777
1862.8987,99.497391
1860.9703,99.713844
1859.0418,99.754807
1857.1133,99.669151
1855.1849,100.015724
1853.2564,100.084129
1851.3279,99.849785
1849.3995,99.909950
1847.4710,99.992035
1845.5425,99.603645
1843.6141,99.493111
1841.6856,99.614395
1839.7571,99.572014
1837.8287,99.582901
1835.9002,99.897530
1833.9717,99.944450
1832.0433,99.907379
1830.1148,99.829613
1828.1863,100.062828
1826.2579,100.095200
1824.3294,100.034355
1822.4009,99.964745
1820.4725,100.026466
1818.5440,100.078659
1816.6155,100.266327
1814.6871,100.291199
1812.7586,100.106956
1810.8301,100.050667
1808.9017,100.276527
1806.9732,100.253059
1805.0447,100.221519
1803.1163,100.165291
1801.1878,100.195831
1799.2593,100.238182
1797.3309,100.253288
1795.4024,100.317856
1793.4739,100.430984
1791.5455,100.242241
1789.6170,100.108429
1787.6885,100.188980
1785.7601,100.293472
1783.8316,100.219299
1781.9031,100.206047
1779.9747,100.257858
1778.0462,100.392998
1776.1177,100.401329
1774.1893,100.294144
1772.2608,100.068947
1770.3323,100.177658
1768.4039,100.234924
1766.4754,100.222565
1764.5469,100.175049
1762.6185,100.221954
1760.6900,100.176636
1758.7615,100.109238
1756.8331,100.094559
1754.9046,100.087639
1752.9761,100.051437
1751.0477,100.163734
1749.1192,99.939072
1747.1907,99.844757
1745.2623,99.892731
1743.3338,99.908577
1741.4053,99.921059
1739.4769,100.009682
1737.5484,100.145325
1735.6199,100.189400
1733.6915,100.195473
1731.7630,100.235733
1729.8345,100.190231
1727.9061,100.245880
1725.9776,100.227074
1724.0491,100.309105
1722.1207,100.363892
1720.1922,100.304749
1718.2637,100.140297
1716.3353,100.106331
1714.4068,99.973923
1712.4783,99.912605
1710.5499,99.681686
1708.6214,99.541595
1706.6929,99.512375
1704.7645,99.643906
1702.8360,99.710968
1700.9075,99.865616
1698.9791,99.985397
1697.0506,99.892174
1695.1221,99.817207
1693.1937,99.799377
1691.2652,99.692596
1689.3368,99.570236
1687.4083,99.407471
1685.4798,99.320747
1683.5514,99.070648
1681.6229,98.956070
1679.6944,98.788658
1677.7660,98.771339
1675.8375,98.728615
1673.9090,98.569359
1671.9806,98.301819
1670.0521,98.176247
1668.1236,98.081779
1666.1952,97.906326
1664.2667,97.650047
1662.3382,97.522621
1660.4098,97.345085
1658.4813,97.225731
1656.5528,96.888641
1654.6244,96.752480
1652.6959,96.629166
1650.7674,96.470131
1648.8390,96.140144
1646.9105,95.848785
1644.9820,95.508965
1643.0536,95.220886
1641.1251,95.078125
1639.1966,94.991989
1637.2682,94.842880
1635.3397,94.757500
1633.4112,94.535004
1631.4828,94.396568
1629.5543,94.252312
1627.6258,94.078880
1625.6974,93.840660
1623.7689,93.712921
1621.8404,93.570602
1619.9120,93.392143
1617.9835,93.087616
1616.0550,92.694008
1614.1266,92.324928
1612.1981,92.004898
1610.2696,91.462036
1608.3412,90.984703
1606.4127,90.463676
1604.4842,90.049255
1602.5558,89.588776
1600.6273,89.137627
1598.6988,88.614784
1596.7704,88.100288
1594.8419,87.539963
1592.9134,87.067291
1590.9850,86.498306
1589.0565,85.940514
1587.1280,85.470528
1585.1996,85.074287
1583.2711,84.573013
1581.3426,84.163155
1579.4142,83.798035
1577.4857,83.542442
1575.5572,83.184204
1573.6288,82.912971
1571.7003,82.745796
1569.7718,82.623764
1567.8434,82.463791
1565.9149,82.314270
1563.9864,82.096832
1562.0580,82.081543
1560.1295,82.005203
1558.2010,81.762680
1556.2726,81.565399
1554.3441,81.457787
1552.4156,81.329277
1550.4872,81.300568
1548.5587,81.244568
1546.6302,81.277679
1544.7018,81.252182
1542.7733,81.317596
1540.8448,81.388557
1538.9164,81.644379
1536.9879,82.017853
1535.0594,82.484543
1533.1310,82.845039
1531.2025,83.285202
1529.2740,83.646866
1527.3456,83.943359
1525.4171,84.180038
1523.4886,84.451660
1521.5602,84.607735
1519.6317,84.713280
1517.7032,84.787354
1515.7748,84.907166
1513.8463,85.007111
1511.9178,85.032013
1509.9894,85.001526
1508.0609,85.040054
1506.1324,84.968689
1504.2040,84.998489
1502.2755,85.013123
1500.3470,84.954399
1498.4186,84.827301
1496.4901,84.698509
1494.5616,84.590752
1492.6332,84.594185
1490.7047,84.524994
1488.7762,84.496574
1486.8478,84.550568
1484.9193,84.572395
1482.9908,84.537750
1481.0624,84.511909
1479.1339,84.472534
1477.2054,84.516846
1475.2770,84.592270
1473.3485,84.632050
1471.4200,84.605431
1469.4916,84.663200
1467.5631,84.735664
1465.6346,84.830772
1463.7062,84.866310
1461.7777,84.923706
1459.8492,85.007324
1457.9208,85.072327
1455.9923,84.996490
1454.0638,85.057259
1452.1354,85.204140
1450.2069,85.340591
1448.2784,85.468544
1446.3500,85.556412
1444.4215,85.615723
1442.4930,85.761147
1440.5646,85.963409
1438.6361,86.232559
1436.7076,86.443588
1434.7792,86.640327
1432.8507,86.951675
1430.9222,87.302063
1428.9938,87.689484
1427.0653,88.114426
1425.1368,88.516922
1423.2084,88.979340
1421.2799,89.564789
1419.3514,90.159286
1417.4230,90.689468
1415.4945,91.256546
1413.5660,91.876511
1411.6376,92.527084
1409.7091,93.155083
1407.7806,93.737457
1405.8522,94.345825
1403.9237,94.946129
1401.9952,95.478012
1400.0668,95.944412
1398.1383,96.350807
1396.2098,96.787384
1394.2814,97.167305
1392.3529,97.452675
1390.4244,97.742157
1388.4960,98.002197
1386.5675,98.283112
1384.6390,98.624405
1382.7106,98.910568
1380.7821,99.122665
1378.8536,99.387589
1376.9252,99.655556
1374.9967,99.873970
1373.0682,100.108604
1371.1398,100.362595
1369.2113,100.288696
1367.2828,100.126770
1365.3544,99.928154
1363.4259,99.685295
1361.4974,99.401382
1359.5690,99.122070
1357.6405,98.773468
1355.7120,98.364334
1353.7836,97.942924
1351.8551,97.502754
1349.9266,97.000710
1347.9982,96.504776
1346.0697,96.024918
1344.1412,95.523628
1342.2128,94.995758
1340.2843,94.494026
1338.3558,94.042221
1336.4274,93.628098
1334.4989,93.242462
1332.5704,92.882957
1330.6420,92.504112
1328.7135,92.131020
1326.7850,91.805611
1324.8566,91.528618
1322.9281,91.325912
1320.9996,91.205086
1319.0712,91.096924
1317.1427,90.999817
1315.2142,90.988831
1313.2858,90.979996
1311.3573,90.978897
1309.4288,91.055710
1307.5004,91.156235
1305.5719,91.218445
1303.6434,91.267654
1301.7150,91.376778
1299.7865,91.504333
1297.8580,91.553284
1295.9296,91.594017
1294.0011,91.652275
1292.0726,91.748749
1290.1442,91.802643
1288.2157,91.852982
1286.2872,91.924576
1284.3588,91.995323
1282.4303,92.069542
1280.5018,92.199326
1278.5734,92.381775
1276.6449,92.528931
1274.7164,92.633438
1272.7880,92.723717
1270.8595,92.800537
1268.9310,92.946686
1267.0026,93.035965
1265.0741,93.138237
1263.1456,93.285797
1261.2172,93.443916
1259.2887,93.659882
1257.3602,93.852608
1255.4318,94.010498
1253.5033,94.236549
1251.5748,94.444817
1249.6464,94.608109
1247.7179,94.882294
1245.7894,95.252350
1243.8610,95.567276
1241.9325,95.939865
1240.0040,96.405540
1238.0756,96.849556
1236.1471,97.284203
1234.2187,97.704124
1232.2902,98.056931
1230.3617,98.369057
1228.4333,98.666092
1226.5048,98.874184
1224.5763,99.030731
1222.6479,99.224472
1220.7194,99.430435
1218.7909,99.586121
1216.8625,99.698914
1214.9340,99.772636
1213.0055,99.793716
1211.0771,99.781616
1209.1486,99.659027
1207.2201,99.525566
1205.2917,99.408554
1203.3632,99.180504
1201.4347,98.935974
1199.5063,98.797096
1197.5778,98.699509
1195.6493,98.641319
1193.7209,98.557266
1191.7924,98.440659
1189.8639,98.353630
1187.9355,98.211281
1186.0070,98.119713
1184.0785,97.971100
1182.1501,97.700737
1180.2216,97.423141
1178.2931,97.144257
1176.3647,96.788284
1174.4362,96.415443
1172.5077,96.030197
1170.5793,95.593010
1168.6508,95.202133
1166.7223,94.840607
1164.7939,94.448524
1162.8654,94.143036
1160.9369,93.816750
1159.0085,93.455452
1157.0800,93.152145
1155.1515,92.917213
1153.2231,92.710732
1151.2946,92.540115
1149.3661,92.407341
1147.4377,92.301102
1145.5092,92.207542
1143.5807,92.194366
1141.6523,92.236595
1139.7238,92.245544
1137.7953,92.243744
1135.8669,92.307480
1133.9384,92.342575
1132.0099,92.281639
1130.0815,92.256721
1128.1530,92.228470
1126.2245,92.098694
1124.2961,91.972237
1122.3676,91.839088
1120.4391,91.747719
1118.5107,91.705956
1116.5822,91.643723
1114.6537,91.522736
1112.7253,91.383118
1110.7968,91.278839
1108.8683,91.197021
1106.9399,91.173248
1105.0114,91.223396
1103.0829,91.185707
1101.1545,91.144081
1099.2260,91.086998
1097.2975,91.076866
1095.3691,91.127838
1093.4406,91.175949
1091.5121,91.233322
1089.5837,91.294777
1087.6552,91.292763
1085.7267,91.268517
1083.7983,91.296860
1081.8698,91.345886
1079.9413,91.345482
1078.0129,91.314560
1076.0844,91.300697
1074.1559,91.251358
1072.2275,91.128517
1070.2990,91.043396
1068.3705,90.995117
1066.4421,90.911858
1064.5136,90.710770
1062.5851,90.462440
1060.6567,90.232986
1058.7282,90.035095
1056.7997,89.892487
1054.8713,89.786278
1052.9428,89.672394
1051.0143,89.601639
1049.0859,89.539291
1047.1574,89.465790
1045.2289,89.483261
1043.3005,89.566765
1041.3720,89.674713
1039.4435,89.712662
1037.5151,89.755203
1035.5866,89.796661
1033.6581,89.737770
1031.7297,89.656631
1029.8012,89.649414
1027.8727,89.686020
1025.9443,89.725182
1024.0158,89.689957
1022.0873,89.603012
1020.1589,89.535301
1018.2304,89.471748
1016.3019,89.436218
1014.3735,89.419128
1012.4450,89.344612
1010.5165,89.198242
1008.5881,89.027206
1006.6596,88.907494
1004.7311,88.832397
1002.8027,88.748451
1000.8742,88.614204
998.9457,88.526604
997.0173,88.478020
995.0888,88.514626
993.1603,88.597290
991.2319,88.613083
989.3034,88.630188
987.3749,88.611801
985.4465,88.582733
983.5180,88.563103
981.5895,88.542412
979.6611,88.527931
977.7326,88.499969
975.8041,88.483162
973.8757,88.482368
971.9472,88.510162
970.0187,88.575607
968.0903,88.585373
966.1618,88.645180
964.2333,88.708298
962.3049,88.825760
960.3764,88.914040
958.4479,88.967789
956.5195,89.032494
954.5910,89.040619
952.6625,89.050774
950.7341,89.019127
948.8056,88.987190
946.8771,88.972816
944.9487,88.996643
943.0202,89.072739
941.0917,89.158859
939.1633,89.227272
937.2348,89.354858
935.3063,89.568436
933.3779,89.849480
931.4494,90.206444
929.5209,90.599274
927.5925,90.935822
925.6640,91.179909
923.7355,91.446754
921.8071,91.672592
919.8786,91.937874
917.9501,92.169739
916.0217,92.261131
914.0932,92.334724
912.1647,92.451653
910.2363,92.543709
908.3078,92.599380
906.3793,92.564423
904.4509,92.537849
902.5224,92.522957
900.5939,92.512878
898.6655,92.505890
896.7370,92.506500
894.8085,92.428719
892.8801,92.353249
890.9516,92.356697
889.0231,92.440826
887.0947,92.505646
885.1662,92.526291
883.2377,92.603035
881.3093,92.692833
879.3808,92.814064
877.4523,92.940430
875.5239,93.058113
873.5954,93.291199
871.6669,93.517014
869.7385,93.680183
867.8100,93.882202
865.8815,94.085342
863.9531,94.306099
862.0246,94.580048
860.0961,94.896309
858.1677,95.163284
856.2392,95.491524
854.3107,95.798218
852.3823,95.993324
850.4538,96.160156
848.5253,96.333450
846.5969,96.665703
844.6684,96.968353
842.7399,97.283722
840.8115,97.624290
838.8830,97.959038
836.9545,98.303131
835.0261,98.667305
833.0976,99.014015
831.1691,99.532608
829.2407,100.066223
827.3122,100.481827
825.3837,100.711250
823.4553,100.457016
821.5268,99.348625
819.5983,97.278801
817.6699,94.734093
815.7414,92.203789
813.8129,89.769279
811.8845,87.589249
809.9560,85.905609
808.0275,84.962746
806.0991,85.136749
804.1706,86.257492
802.2421,87.761040
800.3137,89.218384
798.3852,90.442123
796.4567,91.484291
794.5283,92.286385
792.5998,92.835403
790.6713,93.253136
788.7429,93.578903
786.8144,93.965347
784.8859,94.500900
782.9575,95.032379
781.0290,95.498901
779.1006,95.842896
777.1721,96.055275
775.2436,96.317932
773.3152,96.561707
771.3867,96.674179
769.4582,96.779694
767.5298,97.029556
765.6013,97.283379
763.6728,97.412857
761.7444,97.459579
759.8159,97.530106
757.8874,97.579697
755.9590,97.599808
754.0305,97.638756
752.1020,97.624695
750.1736,97.689438
748.2451,97.707291
746.3166,97.586319
744.3882,97.611099
742.4597,97.819061
740.5312,98.027702
738.6028,98.293938
736.6743,98.571068
734.7458,98.863815
732.8174,99.128708
730.8889,99.357338
728.9604,99.634995
727.0320,99.770889
725.1035,99.830307
723.1750,99.865372
721.2466,99.797264
719.3181,99.821808
717.3896,99.930321
715.4612,100.081917
713.5327,100.093513
711.6042,100.026932
709.6758,100.011238
707.7473,99.981392
705.8188,99.967140
703.8904,100.093590
701.9619,100.124863
700.0334,100.046425
698.1050,100.059540
696.1765,100.100914
694.2480,100.071442
692.3196,100.089821
690.3911,100.088226
688.4626,100.057854
686.5342,100.074341
684.6057,100.105011
682.6772,100.039726
680.7488,100.028336
678.8203,100.065445
676.8918,100.084129
674.9634,100.058060
673.0349,100.110565
671.1064,100.163361
669.1780,100.154976
667.2495,100.114098
665.3210,100.101494
663.3926,100.070168
661.4641,100.037239
659.5356,99.987305
657.6072,99.961922
655.6787,99.955910
653.7502,100.004601
651.8218,100.059319
649.8933,100.080696
647.9648,99.997765
646.0364,99.991135
644.1079,100.075790
642.1794,100.049294
640.2510,100.006714
638.3225,100.099487
636.3940,100.158577
634.4656,100.120216
632.5371,100.093414
630.6086,100.109390
628.6802,100.169907
626.7517,100.238571
624.8232,100.190193
622.8948,100.217232
620.9663,100.204414
619.0378,100.043243
617.1094,99.930756
615.1809,99.813400
613.2524,99.760147
611.3240,99.827972
609.3955,99.847198
607.4670,99.799423
605.5386,99.833794
603.6101,99.836601
601.6816,99.737770
599.7532,99.839714
597.8247,99.858917
595.8962,99.798500
593.9678,99.812965
592.0393,99.707947
590.1108,99.647118
588.1824,99.621124
586.2539,99.646294
584.3254,99.702911
582.3970,99.637825
580.4685,99.600433
578.5400,99.550606
576.6116,99.442741
574.6831,99.510590
572.7546,99.649551
570.8262,99.599396
568.8977,99.352867
566.9692,99.251587
565.0408,99.352158
563.1123,99.538475
561.1838,99.500961
559.2554,99.313797
557.3269,99.278305
555.3984,99.334282
553.4700,99.245934
551.5415,99.092163
549.6130,99.045029
547.6846,99.144676
545.7561,99.211197
543.8276,99.275192
541.8992,99.230125
539.9707,99.279633
538.0422,99.430168
536.1138,99.491661
534.1853,99.467064
532.2568,99.571724
530.3284,99.635612
528.3999,99.658943
526.4714,99.818520
524.5430,99.981544
